{"person": [0.5784301130524151, 0.6991264131551901, 0.8766058581706063], "other": [0.5039871524208785, 0.5072623981830938, 0.9958647646590212], "address": [0.8825000000000001, 0.5010416666666667, 0.6164583333333333]}