{"b-address": {"b-address": 0.005988023952095809, "other": 0.0074850299401197605, "b-person": 0.0029940119760479044, "i-person": 0.0014970059880239522, "i-address": 0.9820359281437125}, "other": {"b-address": 0.19376740857441474, "other": 0.8002023384767465, "b-person": 0.19909230856360277, "i-person": 3.861421311956505e-06, "i-address": 5.14856174927534e-06}, "b-person": {"b-address": 0.00021285653469561516, "other": 0.6864623243933589, "b-person": 0.0008514261387824606, "i-person": 0.31226053639846746, "i-address": 0.00021285653469561516}, "i-person": {"b-address": 0.011075949367088608, "other": 0.759493670886076, "b-person": 0.004746835443037975, "i-person": 0.22362869198312235, "i-address": 0.0010548523206751054}, "i-address": {"b-address": 0.05797933409873708, "other": 0.31917336394948337, "b-person": 0.0028702640642939152, "i-person": 0.000574052812858783, "i-address": 0.6194029850746269}}